,F1,F2,F3,F4,F5,F6,F7,F8,F9,F10,F11,F12,F13,F14,F15,F16,F17,prevalence
acolhedor/acolhedora/acolhedoras/acolhedores,-0.006469531375348529,0.17037599657136865,-0.58488588202829,0.053098047549474114,-0.007526100460453936,-0.15774137911018857,-0.08743233630494449,-0.04348914674274544,0.08563206950024944,0.0807742319878186,-0.0006651047325987541,-0.012505598256799665,0.02005033342144473,0.13137427353190634,0.019967880048664045,0.006415408699574275,-0.015314457729004909,0.0399561578318055
aconchegante/aconchego,-0.035098201400138675,-0.061755705488364655,-0.3868858495606372,0.05528374451667714,-0.04967741596067418,0.004076259650070728,-0.0465457287353482,0.013524878390541135,-0.057822280597080646,0.0359039085779711,0.09761902627880731,0.04996104588230768,0.014263819470799988,-0.040708060317487964,0.06733123393393078,0.3227157816760769,0.07621415287367443,0.0180350737345556
agradavel,0.14237897438428723,-0.006124321478205069,-0.15436716341064666,-0.08570549352421303,-0.18435825620344534,-0.03149353861384347,-0.13850278536287414,0.011295438643219063,0.029741237812411125,0.011402328355928663,0.0698665660261072,0.387088068041184,-0.15112554785253782,-0.10591198991244444,-0.07369878129694149,-0.05678142541467195,-0.025751016407430848,0.11494619370267038
alegre/alegria,0.09529348812848672,0.1265902907891305,-0.043098376727016594,0.034466299470647936,0.05266456702742723,0.012328467790771583,0.013754187373318894,-0.00565432748321476,0.0860466529921529,0.013431407989168498,0.03839307465443614,0.23691508010393175,-0.04222526581423191,0.09505739206684409,0.18528816453835995,0.016289158307157683,0.4189720313342454,0.013969709047429255
ambiente,0.051898640319086205,0.12020869473831247,-0.6693803291616457,0.010245246149640591,-0.025671880456514758,-0.010155875497910272,0.005026565876052885,0.02744619991079845,0.07982127094837206,-0.02115312605765451,-0.0352308901943807,0.077976252867001,-0.02974400923810984,-0.03712068453503587,0.024420282606902547,0.08723600010579052,-0.08852872865121388,0.06084097249900359
amigavel,0.14728257005495438,-0.09938988200260349,-0.2140961439260377,-0.07041842251196988,-0.06957270044877105,-0.07362567033744324,0.0620883876324198,-0.31341446766477005,0.07359514003967486,0.05865227353207368,0.07802629998209186,0.0671334943389067,0.078285703754862,0.07094322876427693,-0.1359563721927567,-0.16701396945255884,-0.07690013126398794,0.03736548425667597
anfitriao,-0.12027954518671057,0.07429240236073423,0.0788918806318924,-0.0094819879968787,-0.07880123482735894,-0.3190449979806112,0.045742286322698465,-0.031752478073935185,-0.03625162080765062,0.33008265618644356,0.04763544664257159,0.0923899474787758,0.09833314010365177,-0.01609315619211203,-0.01412245143744923,0.26206878035673603,-0.05895172791425872,0.00848943802311678
animado,-0.02891134478304665,0.04111293999871082,-0.03298260941510422,-0.08810027384985525,0.01100032565572719,0.0541194292859007,-0.02462498955374027,-0.36979909090433616,0.08951200117770426,-0.03174549228188155,-0.09897180318941434,-0.018398667296371907,0.058912129109370534,-0.08292867765073555,0.19711797593686853,0.12571598325711658,0.04614643105965005,0.012754085292945397
apaixonados,0.1388122666595292,0.23161618969807035,-0.145133466952627,0.030967712193904998,0.04698932220980238,-0.00497897887951804,-0.10924130203013305,-0.24053321169761166,0.000279465369061658,-0.04189010397541895,-0.09904212011081236,-0.18279601454755973,0.10556386819945927,0.1551966894347128,-0.04315742002346451,0.0007742555933597187,-0.008783909829320967,0.014826624153049023
apoiam,-0.03752397263629055,0.3003194785619802,-0.03537295398570413,-0.04771815704185616,-0.06007943858640604,0.05309087951244199,-0.01578759728091513,0.06847306863663867,-0.06884326392864973,0.3567228478352081,-0.01867070951569753,-0.1544417458436945,-0.02902999274366327,0.007346965673441443,0.049899574497462094,-0.05027378776644091,-0.004460390611603362,0.0062574730968513355
atenciosa/atenciosas/atencioso,0.09110788321135532,-0.01351580714342287,-0.07613387620589683,-0.03435475405385682,-0.2209365992169974,-0.0035709558401599457,-0.5474134896591061,-0.0023660983050713437,0.02617053620530844,-0.09232042004214881,-0.028888778967727072,0.09841945815505512,-0.006576899378635936,-0.01874521235849315,0.005792825288051293,0.035271438215456336,-0.01717048477007302,0.09629334396173775
atenta,-0.01736586137447968,0.0982514947278962,0.06583720718380942,-0.09066840143309246,-0.0010311197444120511,-0.07696043551459977,-0.110574939414036,-0.10636069045927973,-0.059051858691049876,-0.2114001787749166,0.2141557974301919,-0.007978474380394025,0.09972865405793846,0.07504167584367508,0.023312558734015564,0.11130078179620473,-0.18502507851159752,0.005241131925069749
atmosfera/atmosferico,0.05337461362618158,-0.03647086087581233,-0.20653471191839376,0.023980261173847616,0.008723012915871475,-0.08761016083966856,0.01338298262049098,0.018731030883311833,0.37163898398498485,0.020648111929663926,0.26851456142507324,-0.01109407887725572,0.04403331912904647,0.07868817761573886,-0.15543381583472785,0.15405727728399551,-0.006321733038795175,0.01711837385412515
autenticidade,0.2533416787383994,-0.18032150569905733,-0.09467752129082621,0.029841458713361167,-0.030091688359964577,-0.15012216620479524,-0.01791551767289515,-0.1245336554070833,0.031513949553674356,0.09616524893363532,-0.09732000231942181,-0.24769926483586993,-0.13606628569901932,0.10388182043019895,0.21976294673543678,0.1847861301004909,-0.04625954755766431,0.012435233160621761
calma,-0.029967585471947594,0.1036081958747034,0.06256604861903227,0.020388308600042798,0.012361191506697105,-0.024150408380454114,-0.0019483984194570575,0.021987277451521285,0.036222669995006486,-0.08638376914834155,0.5533525204196975,-0.0038035206745158307,-0.11557104840119706,0.018546714697402638,0.021635702893629417,0.028383702569430604,-0.0030053248906618535,0.004145077720207254
calorosa/calorosamente/caloroso/calorosos,0.09092807502127183,-0.022790615955616947,-0.13206413171145553,-0.010825381437103456,0.02777080698951348,-0.6359896053599626,-0.045444999254797044,-0.03294868235908599,0.036107538892686586,-0.04243932975378414,0.04812799852321479,-0.015775322073692102,-0.019978124589668543,-0.011894237677697764,0.02485217761124676,-0.030641937252782372,0.08454337718379669,0.015603826225587883
carinhosa,-0.14365557459030243,0.05683353352349152,-0.038413721893415055,0.05279208683992781,0.1528993092224359,0.07720109872419365,-0.46249205394251813,-0.0493362078893124,0.025198439671943153,0.04934226394344707,-0.07499086971344401,0.10154672513921521,-0.05137202015653439,0.2677754737250983,0.014593738862720538,0.08480213390928475,0.13473300992180504,0.013112793941809486
charme/charmosa/charmoso,0.16594000330956238,-0.14010052294394088,-0.1124791419358027,0.01783800238565063,-0.024761013941301546,0.054667552912929525,-0.003997369642280285,-0.001660089856863206,0.02029343383970644,-0.0024071805430509944,0.09402015331339525,-0.040747176585000947,-0.014558840908163418,-0.028079510794496974,0.1900189218592116,0.3393702681106579,0.07420423169609162,0.005300916699880431
clima,-0.015239561781551862,-0.07521953386821192,-0.2200391402337906,-0.07395026284083302,-0.02753552771281243,0.1605524204216031,0.01876546154262228,-0.07083962868333349,0.03486088545931984,0.018219378097716402,0.03857485720055155,0.017076946140352565,-0.11771962381003073,-0.17356317349671596,-0.0009775365575954355,0.028592368790185955,0.1836695771018354,0.008529294539657234
competentes,0.005533038354970498,0.031783292062281115,-0.09339772098067436,-0.15927472640296544,-0.06500025506172662,0.024098063885552072,-0.0826800560097238,0.22884471960868175,-0.02256178673589902,-0.020898287650896567,0.0003719685087356643,0.08523473478609926,0.017233190142507373,0.1900176703546195,0.0622723257821599,-0.08568715693188524,0.0432732301363852,0.015803108808290157
comunidade/comunitario,0.04968014880368315,0.10804971241540832,0.031651951423204566,-0.2808205487487779,-0.06536021454290558,-0.08969086570357053,-0.008425818180323483,0.08747558690876606,0.10344078202164238,0.2267776018159111,0.0448365479212791,-0.042713262630351426,0.08779306779914815,0.22809080654889516,-0.013812125324287383,-0.007573418232575097,-0.09782143137096316,0.02813870067756078
contagiante,-0.012999044898452742,0.014348407813163901,0.04118578387840078,-0.4604802765812452,0.01191650601298365,-0.004488043730505296,-0.07654063340765387,-0.13339618115563265,0.027770683346701543,-0.02333019601570714,-0.08765248390693266,0.027078238810084268,0.10497949207573802,0.051344598279273755,0.06125297892774919,-0.005748780321864272,0.07025608401178467,0.05595854922279793
contribuiram,0.010389699375789735,-0.07411924569844423,-0.03912577659240405,-0.3779604905032799,-0.047609051004008106,0.06441326573000537,-0.05328080491758727,0.12672247106157133,0.05805831994168164,0.05433022157838488,0.066495355720566,-0.08146059452591871,-0.09730457069836122,-0.0541854026036843,-0.03431013050033499,-0.04562968687712598,0.046083710811973905,0.028816261458748504
convidativa/convidativo,-0.04334907379432367,0.09734414287203734,-0.2070224564326073,-0.1444820638249513,-0.03011783014438255,-0.11455413605038049,0.0021985875097548496,0.052655885476322765,-0.01462291552892057,0.053397956438256476,-0.07579608796281032,-0.04984376925667126,0.00938447128790454,-0.17139829810476617,-0.17339046058405708,0.1869894530375457,0.21017679434683195,0.011717815862893582
cuidada/cuidadosos/cuidando,0.0549491317632184,0.007333684979761617,0.007571872333971241,-0.07842215474455946,0.021977126864514564,-0.06798752914030046,-0.5082876615543538,-0.02599288291746071,-0.027355533777597155,0.19764928804617904,0.13389836600267688,-0.06992290753175683,-0.024067965032443166,0.007465705783976963,0.003166474605209805,0.011517357653988312,0.015309203225654718,0.05173375846950976
decorados,-0.06501276404872437,0.036700432220873214,-0.06229373484199261,0.014301137978514287,-0.05544710160460584,-0.017419262956182863,-0.0863296308364679,0.003538406806661115,0.0004652924323217243,-0.061314843880207075,-0.0010306756327280258,-0.07942428799905225,-0.05980941312653257,-0.04489688586514893,0.01356159927203373,0.5142595532013626,-0.07026203070629643,0.016082104424073335
dedicada/dedicadas/dedicados/dedicam,0.27514701338146347,0.32101414277261103,0.02225130884229825,0.023466856574179684,0.008224460964324108,0.08220647605210181,-0.2711610452526885,0.13344537445700833,0.006956502904750903,0.05644498156764643,-0.06194699535753229,0.11022284340395229,-0.10813017364489491,0.041693970767233954,0.03156716672900385,0.0008154048792049541,0.05876619777052491,0.024671183738541252
descomplicada/descontraida/descontraido,0.16806769638562508,-0.11664912416427062,-0.28147019494658015,-0.2749459953597655,0.03096455158670152,0.05268442826652069,0.06269433242356531,-0.032256249486192,-0.06493775110478092,-0.04305256460481529,0.08769176754801829,-0.08646433818091574,0.018290903709847414,-0.01746107041968344,0.007668949315672713,-0.1034892264694938,0.17557063939305628,0.030031885213232364
detalhista,0.22000435101500937,-0.0034034131452907773,0.08199907140351244,-0.10598903751397465,-0.06025027510201431,-0.003774497231815695,-0.5685881455680742,-0.06967578332480749,0.010616191204324147,-0.0636013518872508,0.07313397385461594,0.04143282139387086,0.030578127828467395,-0.06413019315415748,0.001847967331069312,0.06607989364052312,-0.09648583246849356,0.05055799123156636
diretora,-0.001845512476464594,-0.00948447504680323,-0.03273986186009284,-0.2892858100873147,-0.03163497305635086,-0.025244660497478432,0.00414669649224065,-0.056436473673813894,-0.016213870473203176,-0.12226536586853395,-0.04745109504507427,-0.051532901633188404,-0.14216944283394717,-0.03923161728556135,0.15142384017025842,0.015383584165640021,-0.10832942091519149,0.00854922279792746
encantador/encantadora/encantadores,0.007405533300206129,-0.04935091907752204,-0.03084047084273316,-0.01896696783609921,0.0770971424534146,-0.02928999034257101,-0.08967742814811615,-0.02873927087940002,0.06654120426248386,-0.017703320848884773,0.05987871269874532,0.12876648488596462,0.050353383931587226,0.029168882922253673,-0.1492862164718513,0.3005233515049019,0.14806914326870765,0.01703866082104424
energia/energias/energica,-0.02735169806882374,0.16351364492082104,0.012043875051388387,0.013623216114888727,0.02345437792847555,-0.006857815885705429,-0.04236556055517714,-0.14004417527790106,0.5964445409664725,-0.02209315208426902,-0.024987672387455556,0.045145641993714514,0.019841242388052092,-0.027642902675592197,0.14497132024677356,-0.06171058839400673,0.15013908878090929,0.01747708250298924
enriquecedor/enriqueceram,0.527049636702025,0.043975277934857185,0.027286604661618887,-0.04715333787270465,-0.007643730776417203,-0.01675832146538151,0.02013317962137072,0.012759955018575237,-0.013850793212161629,-0.09531778649433552,-0.014282181841142482,0.07417981357349167,0.008024230472152704,0.05603369934385178,0.1696471242849393,0.01798483429368027,-0.04296281981916602,0.00643682742128338
entusiasmada/entusiasmado,0.2629756554953852,0.2586778966407807,0.042490294496437375,-0.10648403364638474,0.024850060722716245,-0.02095473351939355,0.08041120843816534,-0.022388261297888127,0.12378116039670191,0.02507266328708253,-0.06258280029426663,0.0013177905431766938,0.07631770193933994,-0.06124507042527952,-0.025098549737261076,0.13567568523979645,0.20611007604268544,0.009166998804304504
envolvente,0.29627243750499976,0.15811775928367988,0.04688933902700511,-0.04916744302514364,0.06628549378334722,0.011492441819528102,0.03360512204594918,-0.14180304457326928,0.0007679470444138752,0.08321865969273916,-0.03735746824985863,0.006949228811797949,0.025326673146540482,0.1346674075716404,-0.16544889226011167,0.20531197790718883,0.06601615989270604,0.012634515743324033
excepcional,0.44669497690532306,-0.00691217908975019,-0.021476923969661266,-0.01925808020894232,-0.12127250365708572,-0.14192235429835978,-0.25801926927177316,0.05275652954290399,0.020141345063191894,0.01704425972448957,-0.0716936387105327,0.003585826828259379,0.022178681426003707,-0.1402241904104863,-0.06071249222555748,-0.02544723807346748,-0.05166428574519438,0.029912315663611
exemplar,-0.0036571925051842894,0.047454331674258596,0.004142910181568389,-0.23453831401511155,0.043303622805470725,0.02230608725882052,-0.03364877116895506,0.025861889321121365,0.04110484338598671,-0.07786990777199783,-0.05684520490921977,0.05425875496856335,-0.23096318125528964,0.027382348159202798,-0.28234214137080266,0.19995389901270194,-0.07007833106156136,0.006416899163013153
extraordinarios,0.1354355851811753,0.006142544647630925,0.05819665762892632,-0.14851929992082674,0.09701620002746189,-0.1252135994475446,-0.06840521390278886,0.03432756667857386,0.07502742361817023,0.07366236945143358,0.04548773176658072,-0.05021464751795591,0.007687690121651147,-0.06563537444557052,-0.12173443161816913,-0.04332050235545464,0.13678431028885654,0.012116381028298127
familiar,0.017341661182982984,-0.06129356028242221,-0.058224550248971704,-0.1067310012822954,-0.008468094354930837,-0.0497896104766614,-0.050573138470376276,-0.06638227702183651,-0.01946122961648858,0.4900230700566295,-0.013089450245533787,0.22564803499374284,-0.08802293076483222,0.027424095643470824,0.09561123414079886,-0.04378405686357556,-0.01099478218715731,0.05719410123555201
generosidade,0.06347078719838298,0.022316199850323768,-0.09762508420841967,0.004421419074480234,0.006190044870728477,-0.15521777943853296,0.0803801640377658,-0.033895330810232084,-0.11820431816056459,0.013941953550123176,-0.04663262189778981,0.09248215049639161,-0.30533628097767734,0.036537846079071915,0.0723255637578456,0.11426422436416935,0.028216028385287747,0.005380629732961339
gentil/gentileza/gentis,0.011306516698613643,0.07746055285667179,0.0587818255728143,0.020962911559862747,-0.3067380665899395,-0.1767905604626203,0.020235042062144007,-0.14886599371030151,0.005573213127238933,0.03536963844353728,0.06359569154193496,0.1604372485461466,-0.3410476409052415,0.09919901182590969,-0.08831477786282692,-0.01222053649232252,0.10559013527307139,0.04396173774412116
genuina/genuinamente/genuino,0.1739741839064683,0.11677716736793027,-0.013196739741722655,0.06092739466583481,-0.025172062900180425,-0.22549933261166544,-0.2205603537376817,-0.01449704157997796,0.029178382953894615,0.07789109352140035,0.0702543135820267,-0.3315390054183275,-0.0880306558629281,0.10245777119522281,-0.07199904710535467,-0.02104438615470483,0.16407379325567528,0.010103626943005182
hospitaleiro/hospitalidade,0.10385287648592013,-0.07638685779931051,0.009553959350981333,0.028932401326097163,0.009938354608299099,-0.5867334846653036,-0.02713334439265182,0.02371734513664628,0.022898373294354263,0.10350830722279801,-0.01938670098958569,0.049727633422499626,-0.09750845282615432,-0.11626067483402365,0.012793407118397692,0.035013880273160755,-0.03250191936671424,0.015005978477481068
humana,0.003692649393483308,-0.06959653058837102,-0.04899326414287322,-0.043787430919432456,0.12485429646050136,-0.04311764673668939,-0.07873788994267833,0.005603692338994505,0.0030789075524831045,-0.00205609936208628,0.006910014646219454,0.07123145366746456,-0.16779234162278506,0.3520257995012065,0.15178696383286974,-0.05303704001782729,-0.004305468545757791,0.0050617776006377044
humilde/humildes,0.016938567387142035,0.0014645398134974388,0.08514991797090923,0.04088848059287267,-0.048337190451928,0.03478258444546137,0.020182267530365762,0.01029550265332412,0.07038420789193803,0.08765033767585428,0.03376073138495921,-0.104110277412123,-0.4783761937402787,-0.08249613883979863,0.05925148894229099,0.040372341966778795,-0.0242559841868112,0.004882423276205659
humorados,0.06868128075899806,-0.05020735936460379,0.02745229301715142,-0.08433600122726835,0.06760434620202169,0.05241221352279527,0.0420542669245251,-0.17223860920503495,0.026311062792781708,0.019245332617047053,0.1714485904931133,0.09583891613410636,0.08113871371242942,0.06872044060891132,-0.047207062396830236,0.013532347236516157,0.2743839490299877,0.007333599043443603
impecavelmente,0.022032257097587084,-0.042708227062746525,-0.10826693297680853,-0.03306280577753787,0.020005305589236626,-0.13266274150991753,-0.35868150913663716,0.03244365394050293,0.045124156232511224,-0.02271492997040596,-0.0623452083203107,0.02139275960140514,0.0749513069640453,-0.2865753717024883,-0.05436053134103433,0.03261236204649217,0.016216902134965384,0.02106416899163013
incentiva/incentivam/incentivar/incentivo,-0.04075553939526698,0.5277524721418774,-0.06031603760799034,-0.00666209686205145,0.01792714687262834,0.004051944469662867,-0.0015460836261744397,0.013159922194296621,0.045695018403632146,0.03891524515864846,0.061192995933706994,-0.037914840927295995,0.022776945616311613,-0.044928567689881876,0.05646629451980034,-0.021116737249534934,-0.00966568800954647,0.0072937425269031485
inclusivo,0.14130728671946427,0.026560672758573215,0.018779366312125192,-0.35330906424524106,-0.047349511245586576,0.0022051164236652444,0.0438083763521696,0.009142929910011154,0.008261321854543098,0.15169822563258387,0.0008681693952129994,0.09730029013307566,0.07088784538277472,-0.0388957235200969,-0.04570004337833004,0.04465935270999422,-0.05452692061898086,0.02943403746512555
incrivel,0.12581301323540514,0.12102595372685537,-0.00495446746084026,0.06349142846168071,-0.23493269710157613,-0.06623966507027718,-0.11850088289991748,-0.3674053961444695,0.14156945044659075,0.19244318518566156,0.05652860048128897,0.0024011244397986417,0.07776378290668262,0.031157865314994097,-0.03841596279375658,-0.00805413689488895,-0.06465841510377306,0.1805699481865285
inspira/inspiracao/inspirador/inspiradora,0.188632389766965,0.386914402387392,-0.1234892108353523,0.023628272448583593,0.07469665804036447,-0.003565109238782435,0.03423628054281655,0.0715968729708772,0.20834415933624154,0.012344705442851678,0.06928716760151832,0.011940136957842688,-0.021766286673581593,0.015338338740134074,0.05800571294473226,0.0685803201679515,-0.03824427001793243,0.012016739736946992
interacao,0.0747887674766787,0.09724461644171958,0.030125059098008538,-0.32966856696105185,0.03533726375978503,-0.0013889269186866309,0.07622393672925916,-0.033240017343914234,0.013281179268673225,0.009106404238726254,0.08680894170053462,0.1399658715894036,-0.03368298692866035,-0.02429297449881304,0.004587563613593567,0.2814345829501814,-0.08401528468498874,0.06460741331207652
luxuosa,0.043810151490414596,0.01832099716093977,-0.001860064830143554,-0.04826815935765508,0.10298588115652481,-0.09053472958184375,-0.09097483401022947,-0.01495097043975917,-0.02297672868266374,0.012624830793170796,0.0924986247491558,0.05265307262124001,-0.014939996144761027,-0.43545579977681825,0.06795278005873505,0.008468231271102201,-0.061839445547738695,0.004922279792746114
manu,0.018909036726135656,0.11667332516531427,-0.03354010056531874,-0.06444864438492576,-0.053786282346747614,-0.017155824533429443,0.009002609132541688,0.1389197232270412,-0.13486873812247097,-0.08409153368083626,0.20704675999180303,-0.10718261345579864,-0.014502123483460146,-0.0762213721532735,0.12267006925551976,-0.044851408905044333,0.12230003971786708,0.006496612196094062
maravilhosa/maravilhoso,0.008828441215434212,0.009257420540013089,-0.03794417305473433,0.02331937541934148,0.039878889665623085,-0.09000748517187841,-0.11608931932011915,-0.08807813739498126,0.021971067836361814,0.07788987636400622,-0.01950921834622818,0.5009382785544232,0.030259308308308985,0.06866037395610715,0.03811549919280607,0.05353358295541127,0.06922964668108664,0.11725787166201675
motiva/motivacao/motivado/motivador,-0.09556079527679408,0.28580972098142005,-0.08076209543581471,-0.09989767772908728,0.009224932475115353,-0.0038705915795810533,0.001983188013183763,-0.1162749998179099,0.29175112781686563,-0.017607930850035685,-0.15304058464671041,-0.032690141428834675,-0.08633571247974953,-0.24248910275104163,0.03222624832190817,-0.10277365458945519,-0.045078404449989645,0.010781187724192906
pacientes,0.10297112010131151,0.4020729762997783,-0.0018482216465263831,0.0463468022872543,-0.17141131775775403,0.02681716954605457,-0.01651199608349635,-0.2302792247751958,-0.08301622204435387,-0.11398313461249637,0.1586806361409465,0.13447718468026312,-0.0916927050246747,0.08093158118325772,-0.0735216243509388,-0.057723739996503064,0.06524805240282032,0.03686727779992029
pareca,-0.03068218640040569,0.03772180031737094,-0.0794846377044539,-0.21709970631114986,0.0340488407221401,-0.017148568409057895,-0.05826974296692083,-0.18313927986112988,-0.008191462133590531,-0.016262741469209908,0.2248414932690139,-0.26560385940110415,-0.09639884548497384,0.0049669920745923895,0.07709496986634351,0.07665985010594448,-0.00908629218095666,0.02616580310880829
positiva/positividade,-0.013776258442547182,0.08608168958908803,-0.05584828229692283,-0.096390303968092,-0.05227690912359881,-0.0029768347332361058,-0.022265304644758455,0.06271581953248366,0.5617483088125774,-0.07143273508089985,-0.026664972834975917,0.07302038211060964,-0.11031400325908611,-0.05600609467703872,-0.022020822034495038,-0.0555774746218281,0.0368046947658166,0.01562375448385811
prazerosa,0.35800773064627195,-0.015220672450228382,-0.0731215845991377,-0.03595317583395978,-0.02063969037681563,0.021384719426003895,-0.09006265769189521,0.0193924493474283,0.00231913366156877,0.010775682456764352,0.0846058634092023,0.008955239360076826,0.0421295920283695,-0.013560980574775807,-0.14845901062215333,-0.0727900437411102,0.09622796637060162,0.01815464328417696
prestativas/presteza,0.019332429562680387,0.005955322275888802,0.04954194282631666,-0.05605340374305708,-0.6513605852726424,-0.0074324407017903335,-0.06737820290723502,-0.007321700735600297,0.017203556357602384,-0.004043193138684691,0.02253373621750901,0.041248604833125646,-0.04736635432880609,0.005346200160682492,0.006441362082035569,-0.03985651892060699,-0.04683040942229891,0.06895177361498606
promovendo,0.12306670149059562,0.14557114962888634,-0.08526355948168665,-0.12107698569734926,-0.03337448509542949,0.0007388098845135064,0.05048819809172791,0.3749694324977457,0.10329483165800013,0.09375535484385743,-0.04347306884652112,-0.07390021154482589,0.07012093309057546,0.23724054283180226,-0.09795639761940582,0.0554187661261702,-0.04636930402502708,0.005261060183339976
queridas,-0.022556385704568943,-0.01688118196586675,0.0004369421096939244,-0.24691374771110078,0.011607906755886563,0.04575494141744792,-0.016279506634240794,-0.3055269771485444,-0.09398252319419334,0.04276748889482992,0.005050821063388196,0.08359919542290012,-0.07398384659446255,0.06843011869693354,-0.0033159837360498203,-0.004780105635823257,0.10189737722444411,0.026883220406536467
recebida,-0.12797227867343297,0.015153975080657642,0.009284599219723614,-0.3739152241934304,-0.047141279009033366,-0.21138114163046476,-0.09077975355712183,-0.05185449274507358,0.034174698140777435,-0.0713264005581307,-0.138585791596709,-0.09815147733320764,-0.05265578719324945,0.13635625638774038,-0.10204365793108712,0.07005803023480424,0.13068944283615908,0.039577520924671185
receptiva/receptividade,-0.09203685967686204,0.07780001935296642,-0.037890936781390806,-0.19488499206057616,-0.08642546370693234,-0.3299363335489986,-0.06374002240177264,0.12198023969733461,-0.03262791138822708,-0.2757697858884477,0.14386430244466414,0.1433465411560765,0.16634000583107145,0.07664402007487632,0.17986106306272837,-0.06092704049970143,0.054876707772222505,0.020326823435631726
relaxados/relaxante/relaxantes,0.04511001502615118,-0.049907758374241384,-0.12337297376833822,0.01564031191737809,-0.05577489577575185,-0.005027034782981062,-0.06510252782990375,-0.040140491746822486,0.06975541867197609,0.1897579040090502,0.5046515627066137,0.021610034870103243,0.06714382508462113,-0.1458488614310347,-0.05287365019170613,0.07706248768782432,0.05195627985258344,0.01974890394579514
respeitada/respeitosa,-0.039111383595477965,-0.00036805901006486215,-0.04813251773980439,-0.09144048661812786,0.09079718376822785,0.00038493004705042943,-0.07352286171606015,0.06695637051162985,0.025196417398584116,-0.024058909219020753,0.04418780981390559,0.0011986226010610242,-0.4722316738440208,0.10529090332707049,-0.08205769119087405,-0.07448384566816428,0.013515330967344317,0.022359505779194898
sente,-0.07299308550620508,0.004842514344108678,-0.09080247071833054,-0.05098643045529978,0.04620418011772376,-0.03301265456623716,-0.04622641626911324,0.008570075869768103,0.13863750735261265,0.12282085375915602,0.12957509069852552,0.036934617550669895,0.014101361601656473,0.1356126843672556,0.3315128259318305,-0.08924361626843808,-0.025490080878239632,0.005679553607014747
sentir,0.04283665914658607,0.08913180629709955,-0.134197013709011,-0.1134282222501286,-0.013462106364113685,-0.14709875284352247,-0.17785100388890668,-0.24044716319641468,0.05444975540803936,0.30472363250823004,0.1480041107020682,-0.09875479301330617,-0.07648990948925627,-0.002172664247179465,-0.017300663094804426,-0.135526556111287,0.1052998421376911,0.0541052212036668
simpatia/simpatica/simpaticos,-0.02141825507821207,-0.04416548151123106,-0.12541161526748426,-0.013890140678237347,-0.5843228656579953,0.047109239041304006,-0.030811211648492744,0.03059891601938909,0.01176237926788466,0.05684827624757876,-0.01624032440500342,-0.05609124711218312,0.09038286001985527,0.010932693455866806,0.05499732051432465,0.08605941064103133,0.08912834920563223,0.07391390992427262
solidaria/solidario/solidarios,0.050708973622770936,0.11091722991869012,-0.11556532509953298,-0.040508775354827685,0.014118532931939777,-0.03824996557056286,0.05325005897919107,-0.1828509340834421,0.08979082942006046,-0.17507659322062333,0.07224689549878861,0.04497992229117261,-0.05553699068455782,0.15646912880405614,-0.10693943042697149,-0.08652214341023555,-0.3442629563392542,0.004204862495017936
sorridente/sorrindo/sorriso,-0.015007337903363269,0.028350678481592503,-0.011823341970980363,-0.018177877166259366,-0.15131222900630512,-0.17038081424483767,-0.027792236890532753,-0.07101885784880499,0.0728452049220074,-0.14531978101720275,0.0019272996519057724,-0.09855385896538395,-0.05581064136536989,0.08276504780539347,-0.046652455412713484,-0.025778970155050308,0.5108845543652828,0.00827022718214428
transformadora,0.15895291051553792,-0.008459835418688694,0.025070007135454885,-0.33889998140775784,0.04226804893854971,0.0187821692141281,-0.15154191926862784,0.042592810530446966,0.0036072268464810786,0.10365717317142552,0.12983342938532494,0.00940913455841162,-0.045671471425292244,-0.09486286773388596,0.08471429368262534,-0.12182527827115293,0.013547208039683737,0.04918294141092069
trazendo,0.02647679994653208,0.08526238902043766,0.02177710241573317,-0.05526059536600263,-0.03226383221386801,-0.021642421618708368,0.02802490784850554,-0.027322811944304786,0.01364570167811891,0.0021131869722346296,-0.056653351436364796,0.005007045460481376,-0.014837699027283153,-0.025813410958707293,0.5233162012496969,0.08020248628791127,0.0416785333391752,0.004424073335990435
verdadeiramente,0.41173881726865247,0.06408808367600496,-0.04734915486288398,-0.06455745082113498,0.05831963020030014,-0.15875303799439341,-0.1505526960366602,-0.09988297794145747,0.07111740972489851,0.04172151263810501,0.031081980512296454,-0.06442517715133027,-0.14804142612116997,-0.034742105328935416,0.03642578439809237,0.002972163159741777,0.007360673575585811,0.04302510960542048
vibracao/vibracoes,0.17614613820891445,-0.11526772122564057,0.011029716733968799,9.764501594235279e-05,-0.03611437078620358,-0.013587460797418236,0.0025255722674907954,-7.600179579953722e-05,0.5189700710648716,0.09081146631485842,0.10792224598511548,-0.09208027412902998,0.05338096776801281,0.14889033119474115,0.05590429331178582,0.16617343031805792,-0.03023357095510993,0.011279394180948586
