,Hospitality (any),Type 1 conduct,Type 2 ambience,Type 3 development,Service quality +,Service quality -,Destination quality +,Generic affect,Share of 5-star
Hospitality (any),1.0,0.9807881773399014,0.8448275862068966,0.8438423645320197,0.8054187192118226,-0.4487684729064039,-0.0034482758620689655,0.916256157635468,0.8068965517241379
Type 1 conduct,0.9807881773399014,1.0,0.8315270935960591,0.7714285714285715,0.8334975369458129,-0.45320197044334976,-0.03842364532019704,0.8881773399014778,0.829064039408867
Type 2 ambience,0.8448275862068966,0.8315270935960591,1.0,0.7374384236453202,0.7458128078817734,-0.5891625615763547,0.054187192118226604,0.8950738916256158,0.81871921182266
Type 3 development,0.8438423645320197,0.7714285714285715,0.7374384236453202,1.0,0.5645320197044335,-0.34236453201970446,0.00541871921182266,0.7497536945812808,0.594088669950739
Service quality +,0.8054187192118226,0.8334975369458129,0.7458128078817734,0.5645320197044335,1.0,-0.44285714285714284,0.11773399014778325,0.7507389162561576,0.7679802955665025
Service quality -,-0.4487684729064039,-0.45320197044334976,-0.5891625615763547,-0.34236453201970446,-0.44285714285714284,1.0,-0.3315270935960591,-0.48669950738916257,-0.587192118226601
Destination quality +,-0.0034482758620689655,-0.03842364532019704,0.054187192118226604,0.00541871921182266,0.11773399014778325,-0.3315270935960591,1.0,-0.013300492610837438,0.05714285714285714
Generic affect,0.916256157635468,0.8881773399014778,0.8950738916256158,0.7497536945812808,0.7507389162561576,-0.48669950738916257,-0.013300492610837438,1.0,0.8610837438423645
Share of 5-star,0.8068965517241379,0.829064039408867,0.81871921182266,0.594088669950739,0.7679802955665025,-0.587192118226601,0.05714285714285714,0.8610837438423645,1.0
