predictor,coef,se,odds_ratio,p,n
Intercept,4.973319624038269,0.5558870904535868,144.50579694847136,3.6647932129515316e-19,6724
SQpos_flag,0.3516883531032772,0.1947523316884767,1.4214654593831355,0.07094590077611974,6724
SQneg_flag,-1.7154053763882051,0.21160287314759937,0.17989078245472426,5.200424636363828e-16,6724
H_conduct,0.44127362240919027,0.19347901244955218,1.5546860410886432,0.02256435708105586,6724
H_ambience,0.8671049655753771,0.3578067131769876,2.3800106574068063,0.01537643820852007,6724
H_development,0.6132161445105403,0.24744524686292646,1.8463600206639494,0.013205109218663734,6724
log_len,-0.40119364995988377,0.12869666389420817,0.6695203958857094,0.0018247946959624303,6724
translated,0.6596547068550509,0.18726836900949587,1.9341243791988754,0.00042748087685192776,6724
is_creative,-0.3640633829120465,0.18859970826281125,0.6948471519112286,0.05356352767548683,6724
